{
  "benefit": {
    "catboost": {
      "rmse": 0.08018486098804735,
      "mae": 0.03776676734213977,
      "r2": 0.9345000375000108
    },
    "xgboost": {
      "rmse": 0.08088926346598938,
      "mae": 0.03860038061167749,
      "r2": 0.9333441835952586
    }
  },
  "eligibility": {
    "catboost": {
      "accuracy": 0.983015873015873,
      "precision": 0.9751785714285715,
      "recall": 0.9864523121387283,
      "f1": 0.9807830459770115,
      "roc_auc": 0.9871676443777453
    },
    "xgboost": {
      "accuracy": 0.9832539682539683,
      "precision": 0.9755313448830149,
      "recall": 0.9866329479768786,
      "f1": 0.9810507409070498,
      "roc_auc": 0.9878187030919618
    }
  }
}