{
  "benefit": {
    "catboost": {
      "rmse": 1.9528250558277878,
      "mae": 1.5125632966994103
    },
    "xgboost": {
      "rmse": 0.0956642736858924,
      "mae": 0.04357232943446459
    }
  },
  "eligibility": {
    "catboost": {
      "accuracy": 0.9781333333333333,
      "precision": 0.9782400899634524,
      "recall": 0.9847738721910907,
      "f1": 0.9814961074128399,
      "roc_auc": 0.9783668961492634
    },
    "xgboost": {
      "accuracy": 0.9792,
      "precision": 0.9788704692329306,
      "recall": 0.9859625290088866,
      "f1": 0.9824036997349276,
      "roc_auc": 0.9784036169996305
    }
  },
  "eligibility_full": {
    "accuracy": 0.8997380952380952,
    "precision": 0.8709803248506031,
    "recall": 0.9274914431927691,
    "f1": 0.8983480450928168,
    "roc_auc": 0.9196549995971757
  },
  "benefit_full": {
    "rmse": 0.09430999319831478,
    "mae": 0.04289998284634656,
    "r2": 0.917638727736213
  }
}