{
  "benefit": {
    "catboost": {
      "rmse": 3.8734964275061126,
      "mae": 3.4327629254755982
    },
    "xgboost": {
      "rmse": 0.009065625917355324,
      "mae": 0.003137244245886804
    }
  },
  "eligibility": {
    "catboost": {
      "accuracy": 0.9985,
      "precision": 0.9980724749421742,
      "recall": 0.9996138996138996,
      "f1": 0.9988425925925926,
      "roc_auc": 0.9998062652317972
    },
    "xgboost": {
      "accuracy": 0.9995,
      "precision": 1.0,
      "recall": 0.9992277992277993,
      "f1": 0.9996137504828119,
      "roc_auc": 0.9999882253073742
    }
  },
  "eligibility_full": {
    "accuracy": 0.9995,
    "precision": 0.999266862170088,
    "recall": 0.9999613869796895,
    "f1": 0.9996140039371598,
    "roc_auc": 0.9999805880720826
  },
  "benefit_full": {
    "rmse": 3.884216352679598,
    "mae": 3.4412351199111084,
    "r2": -711.6993868019306
  }
}